ID;Name;URL;Suggested URL;Link position;Has equal domain
000000001;STATISTIK AUSTRIA;http://www.statistik.at;http://statistik.at/;0.0;0.0
000000001;STATISTIK AUSTRIA;http://www.statistik.at;http://www.statistik.at/web_de/statistiken/index.html;1.0;1.0
000000001;STATISTIK AUSTRIA;http://www.statistik.at;https://en.wikipedia.org/wiki/Statistik_Austria;2.0;0.0
000000001;STATISTIK AUSTRIA;http://www.statistik.at;https://twitter.com/statistik_at;3.0;0.0
000000001;STATISTIK AUSTRIA;http://www.statistik.at;https://de.wikipedia.org/wiki/Statistik_Austria;4.0;0.0
000000001;STATISTIK AUSTRIA;http://www.statistik.at;http://www.statistik-austria.at/;5.0;0.0
000000001;STATISTIK AUSTRIA;http://www.statistik.at;https://wn.com/Statistik_Austria;6.0;0.0
000000001;STATISTIK AUSTRIA;http://www.statistik.at;https://www.wien.gv.at/statistik/bevoelkerung/bevoelkerungsstand/index.html;7.0;0.0
000000001;STATISTIK AUSTRIA;http://www.statistik.at;https://www.ams.at/arbeitsmarktdaten-und-medien/arbeitsmarkt-daten-und-arbeitsmarkt-forschung/arbeitsmarktdaten;8.0;0.0
000000001;STATISTIK AUSTRIA;http://www.statistik.at;https://www.ots.at/pressemappe/209/statistik-austria;9.0;0.0
000000004;STATISTIK AUSTRIA;;http://statistik.at/;0.0;0.0
000000004;STATISTIK AUSTRIA;;http://www.statistik.at/web_de/statistiken/index.html;1.0;0.0
000000004;STATISTIK AUSTRIA;;https://en.wikipedia.org/wiki/Statistik_Austria;2.0;0.0
000000004;STATISTIK AUSTRIA;;https://twitter.com/statistik_at;3.0;0.0
000000004;STATISTIK AUSTRIA;;https://de.wikipedia.org/wiki/Statistik_Austria;4.0;0.0
000000004;STATISTIK AUSTRIA;;http://www.statistik-austria.at/;5.0;0.0
000000004;STATISTIK AUSTRIA;;https://wn.com/Statistik_Austria;6.0;0.0
000000004;STATISTIK AUSTRIA;;https://www.wien.gv.at/statistik/bevoelkerung/bevoelkerungsstand/index.html;7.0;0.0
000000004;STATISTIK AUSTRIA;;https://www.ams.at/arbeitsmarktdaten-und-medien/arbeitsmarkt-daten-und-arbeitsmarkt-forschung/arbeitsmarktdaten;8.0;0.0
000000004;STATISTIK AUSTRIA;;https://www.ots.at/pressemappe/209/statistik-austria;9.0;0.0
000000007;Institute of Statistics;;https://en.wikipedia.org/wiki/Institute_of_Statistics_(Albania);0.0;0.0
000000007;Institute of Statistics;;https://en.wikipedia.org/wiki/International_Statistical_Institute;1.0;0.0
000000007;Institute of Statistics;;https://en.wikipedia.org/wiki/National_Institute_of_Statistics;2.0;0.0
000000007;Institute of Statistics;;https://insse.ro/cms/en;3.0;0.0
000000007;Institute of Statistics;;https://www.istat.it/en/;4.0;0.0
000000007;Institute of Statistics;;https://www.isi-web.org/;5.0;0.0
000000007;Institute of Statistics;;https://www.statistics.gov.rw/;6.0;0.0
000000007;Institute of Statistics;;https://www.niss.org/;7.0;0.0
000000007;Institute of Statistics;;https://ec.europa.eu/eurostat/web/links;8.0;0.0
000000007;Institute of Statistics;;http://uis.unesco.org/;9.0;0.0
000000010;Institute of Statistics;;https://en.wikipedia.org/wiki/Institute_of_Statistics_(Albania);0.0;0.0
000000010;Institute of Statistics;;https://en.wikipedia.org/wiki/International_Statistical_Institute;1.0;0.0
000000010;Institute of Statistics;;https://en.wikipedia.org/wiki/National_Institute_of_Statistics;2.0;0.0
000000010;Institute of Statistics;;https://insse.ro/cms/en;3.0;0.0
000000010;Institute of Statistics;;https://www.istat.it/en/;4.0;0.0
000000010;Institute of Statistics;;https://www.isi-web.org/;5.0;0.0
000000010;Institute of Statistics;;https://www.statistics.gov.rw/;6.0;0.0
000000010;Institute of Statistics;;https://www.niss.org/;7.0;0.0
000000010;Institute of Statistics;;https://ec.europa.eu/eurostat/web/links;8.0;0.0
000000010;Institute of Statistics;;http://uis.unesco.org/;9.0;0.0
000000013;Departament d´Estadística;;https://www.bcn.cat/estadistica/castella/index.htm;0.0;0.0
000000013;Departament d´Estadística;;https://twitter.com/estadistica_ad;1.0;0.0
000000013;Departament d´Estadística;;http://www.ub.edu/stat/;2.0;0.0
000000013;Departament d´Estadística;;https://es.wikipedia.org/wiki/Departamento_Administrativo_Nacional_de_Estad%C3%ADstica;3.0;0.0
000000013;Departament d´Estadística;;https://web.archive.org/web/20101210081203/http://www.estadistica.ad/serveiestudis/web/index.asp;4.0;0.0
000000013;Departament d´Estadística;;http://ensenyament.gencat.cat/ca/departament/estadistiques/;5.0;0.0
000000013;Departament d´Estadística;;https://www.eio.upc.edu/;6.0;0.0
000000013;Departament d´Estadística;;https://en.wikipedia.org/wiki/Andorra;7.0;0.0
000000013;Departament d´Estadística;;https://studylib.es/doc/8208601/ipc---departament-d-estad%C3%ADstica;8.0;0.0
000000013;Departament d´Estadística;;https://edirc.repec.org/data/seegvad.html;9.0;0.0
000000016;Departament d´Estadística;https://www.estadistica.ad/serveiestudis/web/index.asp;https://www.bcn.cat/estadistica/castella/index.htm;0.0;0.0
000000016;Departament d´Estadística;https://www.estadistica.ad/serveiestudis/web/index.asp;https://twitter.com/estadistica_ad;1.0;0.0
000000016;Departament d´Estadística;https://www.estadistica.ad/serveiestudis/web/index.asp;http://www.ub.edu/stat/;2.0;0.0
000000016;Departament d´Estadística;https://www.estadistica.ad/serveiestudis/web/index.asp;https://es.wikipedia.org/wiki/Departamento_Administrativo_Nacional_de_Estad%C3%ADstica;3.0;0.0
000000016;Departament d´Estadística;https://www.estadistica.ad/serveiestudis/web/index.asp;https://web.archive.org/web/20101210081203/http://www.estadistica.ad/serveiestudis/web/index.asp;4.0;0.0
000000016;Departament d´Estadística;https://www.estadistica.ad/serveiestudis/web/index.asp;http://ensenyament.gencat.cat/ca/departament/estadistiques/;5.0;0.0
000000016;Departament d´Estadística;https://www.estadistica.ad/serveiestudis/web/index.asp;https://www.eio.upc.edu/;6.0;0.0
000000016;Departament d´Estadística;https://www.estadistica.ad/serveiestudis/web/index.asp;https://en.wikipedia.org/wiki/Andorra;7.0;0.0
000000016;Departament d´Estadística;https://www.estadistica.ad/serveiestudis/web/index.asp;https://studylib.es/doc/8208601/ipc---departament-d-estad%C3%ADstica;8.0;0.0
000000016;Departament d´Estadística;https://www.estadistica.ad/serveiestudis/web/index.asp;https://edirc.repec.org/data/seegvad.html;9.0;0.0
000000020;Statistics Belgium;https://statbel.fgov.be;https://statbel.fgov.be/en;0.0;1.0
000000020;Statistics Belgium;https://statbel.fgov.be;https://en.wikipedia.org/wiki/Statistics_Belgium;1.0;0.0
000000020;Statistics Belgium;https://statbel.fgov.be;https://www.statista.com/topics/2384/belgium/;2.0;0.0
000000020;Statistics Belgium;https://statbel.fgov.be;https://ec.europa.eu/eurostat/web/ess/belgium/statistics;3.0;0.0
000000020;Statistics Belgium;https://statbel.fgov.be;https://www.belgium.be/fr/economie/informations_economiques/statistiques;4.0;0.0
000000020;Statistics Belgium;https://statbel.fgov.be;https://asylumineurope.org/reports/country/belgium/statistics;5.0;0.0
000000020;Statistics Belgium;https://statbel.fgov.be;https://www.worldometers.info/world-population/belgium-population/;6.0;0.0
000000020;Statistics Belgium;https://statbel.fgov.be;https://data.oecd.org/belgium.htm;7.0;0.0
000000020;Statistics Belgium;https://statbel.fgov.be;https://tradingeconomics.com/belgium/unemployment-rate;8.0;0.0
000000020;Statistics Belgium;https://statbel.fgov.be;https://www.nbb.be/en/statistics;9.0;0.0
000000023;Statistics Belgium;;https://statbel.fgov.be/en;0.0;0.0
000000023;Statistics Belgium;;https://en.wikipedia.org/wiki/Statistics_Belgium;1.0;0.0
000000023;Statistics Belgium;;https://www.statista.com/topics/2384/belgium/;2.0;0.0
000000023;Statistics Belgium;;https://ec.europa.eu/eurostat/web/ess/belgium/statistics;3.0;0.0
000000023;Statistics Belgium;;https://www.belgium.be/fr/economie/informations_economiques/statistiques;4.0;0.0
000000023;Statistics Belgium;;https://asylumineurope.org/reports/country/belgium/statistics;5.0;0.0
000000023;Statistics Belgium;;https://www.worldometers.info/world-population/belgium-population/;6.0;0.0
000000023;Statistics Belgium;;https://data.oecd.org/belgium.htm;7.0;0.0
000000023;Statistics Belgium;;https://tradingeconomics.com/belgium/unemployment-rate;8.0;0.0
000000023;Statistics Belgium;;https://www.nbb.be/en/statistics;9.0;0.0
000000026;Federal Statistical Office;https://www.destatis.de;https://www.destatis.de/EN/Home/_node.html;0.0;1.0
000000026;Federal Statistical Office;https://www.destatis.de;https://en.wikipedia.org/wiki/Federal_Statistical_Office_of_Germany;1.0;0.0
000000026;Federal Statistical Office;https://www.destatis.de;https://www.bfs.admin.ch/bfs/en/home.html;2.0;0.0
000000026;Federal Statistical Office;https://www.destatis.de;https://eng.gks.ru/;3.0;0.0
000000026;Federal Statistical Office;https://www.destatis.de;https://ec.europa.eu/eurostat/web/links;4.0;0.0
000000026;Federal Statistical Office;https://www.destatis.de;http://ecsocman.hse.ru/text/21079785/;5.0;0.0
000000026;Federal Statistical Office;https://www.destatis.de;https://knoema.com/atlas/sources/DESTATIS;6.0;0.0
000000026;Federal Statistical Office;https://www.destatis.de;https://wn.com/Federal_Statistical_Office_Of_Germany;7.0;0.0
000000026;Federal Statistical Office;https://www.destatis.de;http://ghdx.healthdata.org/organizations/federal-statistical-office-germany;8.0;0.0
000000026;Federal Statistical Office;https://www.destatis.de;https://ycharts.com/indicators/sources/federal_statistical_office_of_germany;9.0;0.0
000000029;Statistics Office;;https://www.ons.gov.uk/;0.0;0.0
000000029;Statistics Office;;https://en.wikipedia.org/wiki/Office_for_National_Statistics;1.0;0.0
000000029;Statistics Office;;https://www.cso.ie/;2.0;0.0
000000029;Statistics Office;;https://ec.europa.eu/eurostat/web/links;3.0;0.0
000000029;Statistics Office;;https://www.facebook.com/ONS;4.0;0.0
000000029;Statistics Office;;https://en.wikipedia.org/wiki/National_Statistics_Office;5.0;0.0
000000029;Statistics Office;;https://www.gov.uk/government/organisations/office-for-national-statistics;6.0;0.0
000000029;Statistics Office;;https://twitter.com/ons;7.0;0.0
000000029;Statistics Office;;https://eng.gks.ru/;8.0;0.0
000000029;Statistics Office;;https://context.reverso.net/%D0%BF%D0%B5%D1%80%D0%B5%D0%B2%D0%BE%D0%B4/%D0%B0%D0%BD%D0%B3%D0%BB%D0%B8%D0%B9%D1%81%D0%BA%D0%B8%D0%B9-%D1%80%D1%83%D1%81%D1%81%D0%BA%D0%B8%D0%B9/national+statistics+office;9.0;0.0
000000031;Statistics Greenland;http://www.stat.gl/;https://www.stat.gl/default.asp?lang=en;0.0;1.0
000000031;Statistics Greenland;http://www.stat.gl/;https://en.wikipedia.org/wiki/Statistics_Greenland;1.0;0.0
000000031;Statistics Greenland;http://www.stat.gl/;http://statistics.greenland.com/;2.0;0.0
000000031;Statistics Greenland;http://www.stat.gl/;https://www.worldometers.info/world-population/greenland-population/;3.0;0.0
000000031;Statistics Greenland;http://www.stat.gl/;https://worldpopulationreview.com/countries/greenland-population;4.0;0.0
000000031;Statistics Greenland;http://www.stat.gl/;https://www.worlddata.info/america/greenland/index.php;5.0;0.0
000000031;Statistics Greenland;http://www.stat.gl/;http://www.tourismstat.gl/;6.0;0.0
000000031;Statistics Greenland;http://www.stat.gl/;https://www.statista.com/statistics/805672/population-of-greenland/;7.0;0.0
000000031;Statistics Greenland;http://www.stat.gl/;https://countrymeters.info/en/Greenland;8.0;0.0
000000031;Statistics Greenland;http://www.stat.gl/;http://ghdx.healthdata.org/organizations/statistics-greenland;9.0;0.0
000000034;Hellenic Statistical Authority;https://www.statistics.gr;https://www.statistics.gr/en/home/;0.0;1.0
000000034;Hellenic Statistical Authority;https://www.statistics.gr;https://ec.europa.eu/eurostat/cros/content/hellenic-statistical-authority-greece_en;1.0;0.0
000000034;Hellenic Statistical Authority;https://www.statistics.gr;https://www.youtube.com/channel/UCWVO-II2CanOSBavZbI6X9g;2.0;0.0
000000034;Hellenic Statistical Authority;https://www.statistics.gr;https://www.instagram.com/statistics.gr/;3.0;0.0
000000034;Hellenic Statistical Authority;https://www.statistics.gr;https://www.apollo.io/companies/Hellenic-Statistical-Authority--ELSTAT-/5d0a2afcf65125e4105e36b0;4.0;0.0
000000034;Hellenic Statistical Authority;https://www.statistics.gr;https://www.elta.gr/;5.0;0.0
000000034;Hellenic Statistical Authority;https://www.statistics.gr;https://geodata.gov.gr/en/organization/elstat;6.0;0.0
000000034;Hellenic Statistical Authority;https://www.statistics.gr;https://www.linkedin.com/company/hellenic-statistical-authority-elstat-/;7.0;0.0
000000034;Hellenic Statistical Authority;https://www.statistics.gr;https://knoema.ru/atlas/sources/ELSTAT?regionId=CY;8.0;0.0
000000034;Hellenic Statistical Authority;https://www.statistics.gr;https://www.wikiwand.com/en/Hellenic_Statistical_Authority;9.0;0.0
000000037;Statistics Denmark;https://www.dst.dk;https://www.dst.dk/en;0.0;1.0
000000037;Statistics Denmark;https://www.dst.dk;https://en.wikipedia.org/wiki/Statistics_Denmark;1.0;0.0
000000037;Statistics Denmark;https://www.dst.dk;https://statbank.dk/;2.0;0.0
000000037;Statistics Denmark;https://www.dst.dk;https://www.statista.com/topics/2522/denmark/;3.0;0.0
000000037;Statistics Denmark;https://www.dst.dk;https://WikiMili.com/en/Statistics_Denmark;4.0;0.0
000000037;Statistics Denmark;https://www.dst.dk;https://data.oecd.org/denmark.htm;5.0;0.0
000000037;Statistics Denmark;https://www.dst.dk;https://ec.europa.eu/eurostat/web/ess/denmark/statistics;6.0;0.0
000000037;Statistics Denmark;https://www.dst.dk;https://www.worlddata.info/europe/denmark/index.php;7.0;0.0
000000037;Statistics Denmark;https://www.dst.dk;https://worldpopulationreview.com/countries/denmark-population;8.0;0.0
000000037;Statistics Denmark;https://www.dst.dk;https://www.worldometers.info/world-population/denmark-population/;9.0;0.0
000000040;Statistics Denmark;https://www.dst.dk;https://www.dst.dk/en;0.0;1.0
000000040;Statistics Denmark;https://www.dst.dk;https://en.wikipedia.org/wiki/Statistics_Denmark;1.0;0.0
000000040;Statistics Denmark;https://www.dst.dk;https://statbank.dk/;2.0;0.0
000000040;Statistics Denmark;https://www.dst.dk;https://www.statista.com/topics/2522/denmark/;3.0;0.0
000000040;Statistics Denmark;https://www.dst.dk;https://WikiMili.com/en/Statistics_Denmark;4.0;0.0
000000040;Statistics Denmark;https://www.dst.dk;https://data.oecd.org/denmark.htm;5.0;0.0
000000040;Statistics Denmark;https://www.dst.dk;https://ec.europa.eu/eurostat/web/ess/denmark/statistics;6.0;0.0
000000040;Statistics Denmark;https://www.dst.dk;https://www.worlddata.info/europe/denmark/index.php;7.0;0.0
000000040;Statistics Denmark;https://www.dst.dk;https://worldpopulationreview.com/countries/denmark-population;8.0;0.0
000000040;Statistics Denmark;https://www.dst.dk;https://www.worldometers.info/world-population/denmark-population/;9.0;0.0
000000043;Statistics Estonia;https://www.stat.ee;https://www.stat.ee/en;0.0;1.0
000000043;Statistics Estonia;https://www.stat.ee;https://www.stat.ee/;1.0;1.0
000000043;Statistics Estonia;https://www.stat.ee;https://en.wikipedia.org/wiki/Statistics_Estonia;2.0;0.0
000000043;Statistics Estonia;https://www.stat.ee;https://everipedia.org/wiki/lang_en/Statistics_Estonia;3.0;0.0
000000043;Statistics Estonia;https://www.stat.ee;https://wiki2.org/en/Statistics_Estonia;4.0;0.0
000000043;Statistics Estonia;https://www.stat.ee;https://WikiMili.com/en/Statistics_Estonia;5.0;0.0
000000043;Statistics Estonia;https://www.stat.ee;https://ec.europa.eu/eurostat/cros/content/statistics-estonia-estonia_en;6.0;0.0
000000043;Statistics Estonia;https://www.stat.ee;https://www.statista.com/topics/3920/estonia/;7.0;0.0
000000043;Statistics Estonia;https://www.stat.ee;https://wikivisually.com/wiki/Statistics_Estonia;8.0;0.0
000000043;Statistics Estonia;https://www.stat.ee;https://www.wikiwand.com/en/Statistics_Estonia;9.0;0.0
000000046;Central Statistics Office;https://www.cso.ie;https://www.cso.ie/;0.0;1.0
000000046;Central Statistics Office;https://www.cso.ie;https://en.wikipedia.org/wiki/Central_Statistics_Office_(Ireland);1.0;0.0
000000046;Central Statistics Office;https://www.cso.ie;http://mospi.gov.in/central-statistics-office-cso-1;2.0;0.0
000000046;Central Statistics Office;https://www.cso.ie;https://cso.gov.tt/;3.0;0.0
000000046;Central Statistics Office;https://www.cso.ie;https://twitter.com/CSOIreland;4.0;0.0
000000046;Central Statistics Office;https://www.cso.ie;https://ec.europa.eu/eurostat/cros/content/central-statistics-office-ireland_en;5.0;0.0
000000046;Central Statistics Office;https://www.cso.ie;https://data.gov.ie/organization/central-statistics-office;6.0;0.0
000000046;Central Statistics Office;https://www.cso.ie;https://www.facebook.com/CSOIreland/;7.0;0.0
000000046;Central Statistics Office;https://www.cso.ie;https://www.stats.gov.lc/;8.0;0.0
000000046;Central Statistics Office;https://www.cso.ie;https://www.csostat.gov.mm/;9.0;0.0
000000049;Statistics Iceland;;https://statice.is/;0.0;0.0
000000049;Statistics Iceland;;https://en.wikipedia.org/wiki/Statistics_Iceland;1.0;0.0
000000049;Statistics Iceland;;https://twitter.com/staticeland;2.0;0.0
000000049;Statistics Iceland;;https://www.statista.com/topics/3079/iceland/;3.0;0.0
000000049;Statistics Iceland;;https://data.oecd.org/iceland.htm;4.0;0.0
000000049;Statistics Iceland;;https://countrymeters.info/en/Iceland;5.0;0.0
000000049;Statistics Iceland;;https://ec.europa.eu/eurostat/documents/64157/4372828/IS-description.pdf/e80a0c58-483e-4ab6-9f5e-24b6ddac1dc7;6.0;0.0
000000049;Statistics Iceland;;https://www.worlddata.info/europe/iceland/index.php;7.0;0.0
000000049;Statistics Iceland;;https://www.wikiwand.com/en/Statistics_Iceland;8.0;0.0
000000049;Statistics Iceland;;https://www.citypopulation.de/en/iceland/cities/;9.0;0.0
000000052;Instituto Nacional de Estadistica;;https://ine.es/;0.0;0.0
000000052;Instituto Nacional de Estadistica;;https://en.wikipedia.org/wiki/Instituto_Nacional_de_Estad%C3%ADstica_(Spain);1.0;0.0
000000052;Instituto Nacional de Estadistica;;https://www.ine.cl/;2.0;0.0
000000052;Instituto Nacional de Estadistica;;https://www.ine.gob.bo/;3.0;0.0
000000052;Instituto Nacional de Estadistica;;https://www.inei.gob.pe/;4.0;0.0
000000052;Instituto Nacional de Estadistica;;https://ine.st/;5.0;0.0
000000052;Instituto Nacional de Estadistica;;http://www.ine.gub.uy/;6.0;0.0
000000052;Instituto Nacional de Estadistica;;https://www.ecuadorencifras.gob.ec/;7.0;0.0
000000052;Instituto Nacional de Estadistica;;https://www.ine.gob.gt/;8.0;0.0
000000052;Instituto Nacional de Estadistica;;http://www.ine.gov.ve/;9.0;0.0
000000055;Italian National Institute of Statistics;https://www.istat.it;https://www.istat.it/en/;0.0;1.0
000000055;Italian National Institute of Statistics;https://www.istat.it;https://en.wikipedia.org/wiki/Italian_National_Institute_of_Statistics;1.0;0.0
000000055;Italian National Institute of Statistics;https://www.istat.it;https://twitter.com/istat_en;2.0;0.0
000000055;Italian National Institute of Statistics;https://www.istat.it;https://db.nomics.world/ISTAT;3.0;0.0
000000055;Italian National Institute of Statistics;https://www.istat.it;https://www.wikiwand.com/en/Italian_National_Institute_of_Statistics;4.0;0.0
000000055;Italian National Institute of Statistics;https://www.istat.it;https://www.inps.it/;5.0;0.0
000000055;Italian National Institute of Statistics;https://www.istat.it;https://mapcarta.com/N6241969395;6.0;0.0
000000055;Italian National Institute of Statistics;https://www.istat.it;https://finance.yahoo.com/news/italian-national-institute-statistics-maintains-123000097.html;7.0;0.0
000000055;Italian National Institute of Statistics;https://www.istat.it;http://ghdx.healthdata.org/organizations/italian-national-institute-statistics;8.0;0.0
000000055;Italian National Institute of Statistics;https://www.istat.it;https://marketplace.officialstatistics.org/partner/italian_national_institute_of_statistics;9.0;0.0
000000058;Istat – Istituto nazionale di statistica;;https://www.istat.it/en/;0.0;0.0
000000058;Istat – Istituto nazionale di statistica;;https://www.istat.it/;1.0;0.0
000000058;Istat – Istituto nazionale di statistica;;https://www.istat.it/it/;2.0;0.0
000000058;Istat – Istituto nazionale di statistica;;https://en.wikipedia.org/wiki/Italian_National_Institute_of_Statistics;3.0;0.0
000000058;Istat – Istituto nazionale di statistica;;https://twitter.com/istat_it;4.0;0.0
000000058;Istat – Istituto nazionale di statistica;;https://www.facebook.com/Istituto-Nazionale-di-Statistica-ISTAT-961087287324073/;5.0;0.0
000000058;Istat – Istituto nazionale di statistica;;https://www.istat.org/;6.0;0.0
000000058;Istat – Istituto nazionale di statistica;;https://en.academic.ru/dic.nsf/enwiki/229943;7.0;0.0
000000058;Istat – Istituto nazionale di statistica;;https://www.pinterest.ru/istat_infograf/;8.0;0.0
000000058;Istat – Istituto nazionale di statistica;;https://www.youtube.com/channel/UCBscGDkpC3rM3KY3M9PK4PQ;9.0;0.0
000000062;Statistical Service;;https://statsghana.gov.gh/;0.0;0.0
000000062;Statistical Service;;https://en.wikipedia.org/wiki/List_of_national_and_international_statistical_services;1.0;0.0
000000062;Statistical Service;;https://ghstudents.com/ghana-statistical-service-recruitment/;2.0;0.0
000000062;Statistical Service;;https://ghstats.com/;3.0;0.0
000000062;Statistical Service;;https://www.facebook.com/statsghana/;4.0;0.0
000000062;Statistical Service;;https://eng.gks.ru/;5.0;0.0
000000062;Statistical Service;;https://www.mof.gov.cy/mof/cystat/statistics.nsf/index_en/index_en;6.0;0.0
000000062;Statistical Service;;https://www.youtube.com/channel/UCUaIIM-7yRwXHBYt1IFJIqw;7.0;0.0
000000062;Statistical Service;;https://translate.academic.ru/statistical%20service/en/ru/;8.0;0.0
000000062;Statistical Service;;https://ec.europa.eu/eurostat/web/links;9.0;0.0
000000065;Agency of Statistics;https://ask.rks-gov.net;https://en.wikipedia.org/wiki/List_of_national_and_international_statistical_services;0.0;0.0
000000065;Agency of Statistics;https://ask.rks-gov.net;https://ec.europa.eu/eurostat/web/links;1.0;0.0
000000065;Agency of Statistics;https://ask.rks-gov.net;https://eng.gks.ru/;2.0;0.0
000000065;Agency of Statistics;https://ask.rks-gov.net;https://www.isi-web.org/index.php/resources/national-statistical-offices;3.0;0.0
000000065;Agency of Statistics;https://ask.rks-gov.net;https://unstats.un.org/home/international_agencies/;4.0;0.0
000000065;Agency of Statistics;https://ask.rks-gov.net;https://www.ons.gov.uk/;5.0;0.0
000000065;Agency of Statistics;https://ask.rks-gov.net;https://nsa.org.na/;6.0;0.0
000000065;Agency of Statistics;https://ask.rks-gov.net;https://www.census.gov/programs-surveys/international-programs/about/related-sites.html;7.0;0.0
000000065;Agency of Statistics;https://ask.rks-gov.net;https://world-statistics.org/index-pop.php;8.0;0.0
000000065;Agency of Statistics;https://ask.rks-gov.net;https://www.ilo.org/stat/lang--en/index.htm;9.0;0.0
000000068;Central Statistical Bureau;https://www.csb.gov.lv;https://www.csb.gov.lv/en/statistics;0.0;1.0
000000068;Central Statistical Bureau;https://www.csb.gov.lv;https://www.csb.gov.lv/en/sakums;1.0;1.0
000000068;Central Statistical Bureau;https://www.csb.gov.lv;https://www.csb.gov.kw/Default_EN;2.0;0.0
000000068;Central Statistical Bureau;https://www.csb.gov.lv;https://www.gov.il/en/departments/central_bureau_of_statistics;3.0;0.0
000000068;Central Statistical Bureau;https://www.csb.gov.lv;https://en.wikipedia.org/wiki/Central_Bureau_of_Statistics;4.0;0.0
000000068;Central Statistical Bureau;https://www.csb.gov.lv;https://ec.europa.eu/eurostat/web/links;5.0;0.0
000000068;Central Statistical Bureau;https://www.csb.gov.lv;https://www.cbs.cw/;6.0;0.0
000000068;Central Statistical Bureau;https://www.csb.gov.lv;http://old.gks.ru/wps/wcm/connect/rosstat_main/rosstat/ru/about/icooperation/national_statistics_organizations/;7.0;0.0
000000068;Central Statistical Bureau;https://www.csb.gov.lv;https://www.facebook.com/centralstatistical.bureau;8.0;0.0
000000068;Central Statistical Bureau;https://www.csb.gov.lv;https://world-statistics.org/index-pop.php;9.0;0.0
000000071;Central Statistical Bureau of Latvia;https://www.csb.gov.lv;https://www.csb.gov.lv/en/sakums;0.0;1.0
000000071;Central Statistical Bureau of Latvia;https://www.csb.gov.lv;https://www.csb.gov.lv/en/statistics;1.0;1.0
000000071;Central Statistical Bureau of Latvia;https://www.csb.gov.lv;https://www.csb.gov.lv/;2.0;1.0
000000071;Central Statistical Bureau of Latvia;https://www.csb.gov.lv;https://www.csb.gov.lv/en/about-us;3.0;1.0
000000071;Central Statistical Bureau of Latvia;https://www.csb.gov.lv;https://www.csb.gov.lv/en/about-us/overview;4.0;1.0
000000071;Central Statistical Bureau of Latvia;https://www.csb.gov.lv;https://ec.europa.eu/eurostat/cros/content/central-statistical-bureau-latvia-latvia_en;5.0;0.0
000000071;Central Statistical Bureau of Latvia;https://www.csb.gov.lv;https://twitter.com/csb_latvia;6.0;0.0
000000071;Central Statistical Bureau of Latvia;https://www.csb.gov.lv;https://spkc.gov.lv/;7.0;0.0
000000071;Central Statistical Bureau of Latvia;https://www.csb.gov.lv;https://www.apollo.io/companies/Central-Statistical-Bureau-of-Latvia/54a1361f69702d3e8355e400;8.0;0.0
000000071;Central Statistical Bureau of Latvia;https://www.csb.gov.lv;http://ghdx.healthdata.org/organizations/central-statistical-bureau-latvia;9.0;0.0
000000074;Statistics Lithuania;https://www.stat.gov.lt;https://www.stat.gov.lt/;0.0;1.0
000000074;Statistics Lithuania;https://www.stat.gov.lt;https://en.wikipedia.org/wiki/Department_of_Statistics_(Lithuania);1.0;0.0
000000074;Statistics Lithuania;https://www.stat.gov.lt;https://ec.europa.eu/eurostat/documents/64157/4372828/LT-description.pdf/9ffa5a80-a2c1-4267-a763-06eaa0e504ca;2.0;0.0
000000074;Statistics Lithuania;https://www.stat.gov.lt;http://www.lrs.lt/;3.0;0.0
000000074;Statistics Lithuania;https://www.stat.gov.lt;https://www.worldometers.info/world-population/lithuania-population/;4.0;0.0
000000074;Statistics Lithuania;https://www.stat.gov.lt;https://wiki2.org/en/Department_of_Statistics_(Lithuania);5.0;0.0
000000074;Statistics Lithuania;https://www.stat.gov.lt;https://www.statista.com/topics/4354/lithuania/;6.0;0.0
000000074;Statistics Lithuania;https://www.stat.gov.lt;https://data.oecd.org/lithuania.htm;7.0;0.0
000000074;Statistics Lithuania;https://www.stat.gov.lt;https://countrymeters.info/en/Lithuania;8.0;0.0
000000074;Statistics Lithuania;https://www.stat.gov.lt;https://www.cia.gov/library/publications/the-world-factbook/geos/lh.html;9.0;0.0
000000078;Office of Statistics;;https://www.ons.gov.uk/;0.0;0.0
000000078;Office of Statistics;;https://en.wikipedia.org/wiki/Office_for_National_Statistics;1.0;0.0
000000078;Office of Statistics;;https://twitter.com/ons;2.0;0.0
000000078;Office of Statistics;;https://www.gov.uk/government/organisations/office-for-national-statistics;3.0;0.0
000000078;Office of Statistics;;https://en.wikipedia.org/wiki/National_Office_of_Statistics;4.0;0.0
000000078;Office of Statistics;;https://www.facebook.com/ONS;5.0;0.0
000000078;Office of Statistics;;https://ec.europa.eu/eurostat/web/links;6.0;0.0
000000078;Office of Statistics;;http://old.gks.ru/wps/wcm/connect/rosstat_main/rosstat/ru/about/icooperation/national_statistics_organizations/;7.0;0.0
000000078;Office of Statistics;;https://www.isi-web.org/index.php/resources/national-statistical-offices;8.0;0.0
000000078;Office of Statistics;;https://wiki2.org/en/National_Office_of_Statistics;9.0;0.0
000000081;National Institute of Statistics and Economic Studies;;https://www.insee.fr/en/accueil;0.0;0.0
000000081;National Institute of Statistics and Economic Studies;;https://en.wikipedia.org/wiki/Institut_national_de_la_statistique_et_des_%C3%A9tudes_%C3%A9conomiques;1.0;0.0
000000081;National Institute of Statistics and Economic Studies;;https://www.gouvernement.fr/en/statistics;2.0;0.0
000000081;National Institute of Statistics and Economic Studies;;https://knoema.com/atlas/sources/INSEE;3.0;0.0
000000081;National Institute of Statistics and Economic Studies;;https://www.university-directory.eu/France/National-Institute-of-Statistics-and-Economic-Studies.html;4.0;0.0
000000081;National Institute of Statistics and Economic Studies;;http://ghdx.healthdata.org/organizations/national-institute-statistics-and-economic-studies-insee-france;5.0;0.0
000000081;National Institute of Statistics and Economic Studies;;https://insse.ro/cms/en;6.0;0.0
000000081;National Institute of Statistics and Economic Studies;;https://ec.europa.eu/eurostat/web/links;7.0;0.0
000000081;National Institute of Statistics and Economic Studies;;https://wiki2.org/en/National_Institute_of_Statistics_and_Applied_Economics;8.0;0.0
000000081;National Institute of Statistics and Economic Studies;;https://dictionary.reverso.net/english-french/national+institute+of+statistics+and+economic+studies;9.0;0.0
000000084;National Statistics Office;https://nso.gov.mt;https://www.ons.gov.uk/;0.0;0.0
000000084;National Statistics Office;https://nso.gov.mt;https://www.gov.uk/government/organisations/office-for-national-statistics;1.0;0.0
000000084;National Statistics Office;https://nso.gov.mt;https://en.wikipedia.org/wiki/Office_for_National_Statistics;2.0;0.0
000000084;National Statistics Office;https://nso.gov.mt;https://www.facebook.com/ONS/;3.0;0.0
000000084;National Statistics Office;https://nso.gov.mt;https://twitter.com/ons;4.0;0.0
000000084;National Statistics Office;https://nso.gov.mt;https://ec.europa.eu/eurostat/web/links;5.0;0.0
000000084;National Statistics Office;https://nso.gov.mt;https://www.isi-web.org/index.php/resources/national-statistical-offices;6.0;0.0
000000084;National Statistics Office;https://nso.gov.mt;https://www.bbc.com/news/topics/cx1m7zg0w2qt/office-for-national-statistics;7.0;0.0
000000084;National Statistics Office;https://nso.gov.mt;https://www.indeed.co.uk/cmp/Office-For-National-Statistics/reviews;8.0;0.0
000000084;National Statistics Office;https://nso.gov.mt;http://l-lists.com/en/lists/0qc3zn.html;9.0;0.0
000000087;National Bureau of Statistics;;http://www.stats.gov.cn/english/;0.0;0.0
000000087;National Bureau of Statistics;;https://en.wikipedia.org/wiki/National_Bureau_of_Statistics_of_China;1.0;0.0
000000087;National Bureau of Statistics;;https://www.nbs.go.tz/;2.0;0.0
000000087;National Bureau of Statistics;;https://www.knbs.or.ke/;3.0;0.0
000000087;National Bureau of Statistics;;https://statistica.gov.md/index.php?l=en;4.0;0.0
000000087;National Bureau of Statistics;;https://www.ons.gov.uk/;5.0;0.0
000000087;National Bureau of Statistics;;https://www.nigerianstat.gov.ng/elibrary;6.0;0.0
000000087;National Bureau of Statistics;;https://statisticsmaldives.gov.mv/;7.0;0.0
000000087;National Bureau of Statistics;;http://old.gks.ru/wps/wcm/connect/rosstat_main/rosstat/ru/about/icooperation/national_statistics_organizations/;8.0;0.0
000000087;National Bureau of Statistics;;https://wiki2.org/en/National_Bureau_of_Statistics_of_China;9.0;0.0
000000091;Monaco Statistics;;https://www.monacostatistics.mc/;0.0;0.0
000000091;Monaco Statistics;;https://1xbet.whoscored.com/Teams/248/Show/France-Monaco;1.0;0.0
000000091;Monaco Statistics;;https://www.imsee.mc/;2.0;0.0
000000091;Monaco Statistics;;https://en.gouv.mc/Policy-Practice/The-Economy/Analysis-and-Statistics;3.0;0.0
000000091;Monaco Statistics;;https://www.fctables.com/teams/monaco-190135/;4.0;0.0
000000091;Monaco Statistics;;https://worldpopulationreview.com/countries/monaco-population;5.0;0.0
000000091;Monaco Statistics;;https://www.worldometers.info/world-population/monaco-population/;6.0;0.0
000000091;Monaco Statistics;;https://en.wikipedia.org/wiki/Demographics_of_Monaco;7.0;0.0
000000091;Monaco Statistics;;https://www.worlddata.info/europe/monaco/index.php;8.0;0.0
000000091;Monaco Statistics;;https://www.hellomonaco.com/category/officially/monaco-s-statistics/;9.0;0.0
000000094;Statistics Netherlands;;https://www.cbs.nl/en-gb;0.0;0.0
000000094;Statistics Netherlands;;https://en.wikipedia.org/wiki/Statistics_Netherlands;1.0;0.0
000000094;Statistics Netherlands;;https://ec.europa.eu/eurostat/cros/content/statistics-netherlands-cbs-netherlands_en;2.0;0.0
000000094;Statistics Netherlands;;https://twitter.com/statisticscbs;3.0;0.0
000000094;Statistics Netherlands;;https://www.iamexpat.nl/expat-info/organisations/statistics-netherlands-cbs;4.0;0.0
000000094;Statistics Netherlands;;https://www.statista.com/topics/2697/the-netherlands/;5.0;0.0
000000094;Statistics Netherlands;;https://tradingeconomics.com/netherlands/indicators;6.0;0.0
000000094;Statistics Netherlands;;https://take-profit.org/statistics/countries/netherlands/;7.0;0.0
000000094;Statistics Netherlands;;https://www.worldometers.info/world-population/netherlands-population/;8.0;0.0
000000094;Statistics Netherlands;;https://asylumineurope.org/reports/country/netherlands/statistics;9.0;0.0
000000097;Statistics Norway;https://www.ssb.no;https://www.ssb.no/en;0.0;1.0
000000097;Statistics Norway;https://www.ssb.no;https://en.wikipedia.org/wiki/Statistics_Norway;1.0;0.0
000000097;Statistics Norway;https://www.ssb.no;https://twitter.com/ssb_norway;2.0;0.0
000000097;Statistics Norway;https://www.ssb.no;https://www.statista.com/topics/3888/norway/;3.0;0.0
000000097;Statistics Norway;https://www.ssb.no;https://data.oecd.org/norway.htm;4.0;0.0
000000097;Statistics Norway;https://www.ssb.no;https://www.lifeinnorway.net/norway-stats/;5.0;0.0
000000097;Statistics Norway;https://www.ssb.no;https://www.ceicdata.com/en/norway/tourism-statistics;6.0;0.0
000000097;Statistics Norway;https://www.ssb.no;https://worldpopulationreview.com/countries/norway-population;7.0;0.0
000000097;Statistics Norway;https://www.ssb.no;https://www.norden.org/en/statistics;8.0;0.0
000000097;Statistics Norway;https://www.ssb.no;https://www.cia.gov/library/publications/the-world-factbook/geos/no.html;9.0;0.0
000000100;Statistics Norway;;https://www.ssb.no/en;0.0;0.0
000000100;Statistics Norway;;https://en.wikipedia.org/wiki/Statistics_Norway;1.0;0.0
000000100;Statistics Norway;;https://twitter.com/ssb_norway;2.0;0.0
000000100;Statistics Norway;;https://www.statista.com/topics/3888/norway/;3.0;0.0
000000100;Statistics Norway;;https://data.oecd.org/norway.htm;4.0;0.0
000000100;Statistics Norway;;https://www.lifeinnorway.net/norway-stats/;5.0;0.0
000000100;Statistics Norway;;https://www.ceicdata.com/en/norway/tourism-statistics;6.0;0.0
000000100;Statistics Norway;;https://worldpopulationreview.com/countries/norway-population;7.0;0.0
000000100;Statistics Norway;;https://www.norden.org/en/statistics;8.0;0.0
000000100;Statistics Norway;;https://www.cia.gov/library/publications/the-world-factbook/geos/no.html;9.0;0.0
000000103;Statistics Norway;;https://www.ssb.no/en;0.0;0.0
000000103;Statistics Norway;;https://en.wikipedia.org/wiki/Statistics_Norway;1.0;0.0
000000103;Statistics Norway;;https://twitter.com/ssb_norway;2.0;0.0
000000103;Statistics Norway;;https://www.statista.com/topics/3888/norway/;3.0;0.0
000000103;Statistics Norway;;https://data.oecd.org/norway.htm;4.0;0.0
000000103;Statistics Norway;;https://www.lifeinnorway.net/norway-stats/;5.0;0.0
000000103;Statistics Norway;;https://www.ceicdata.com/en/norway/tourism-statistics;6.0;0.0
000000103;Statistics Norway;;https://worldpopulationreview.com/countries/norway-population;7.0;0.0
000000103;Statistics Norway;;https://www.norden.org/en/statistics;8.0;0.0
000000103;Statistics Norway;;https://www.cia.gov/library/publications/the-world-factbook/geos/no.html;9.0;0.0
000000106;Office for National Statistics;https://www.ons.gov.uk;https://www.ons.gov.uk/;0.0;1.0
000000106;Office for National Statistics;https://www.ons.gov.uk;https://www.gov.uk/government/organisations/office-for-national-statistics;1.0;0.0
000000106;Office for National Statistics;https://www.ons.gov.uk;https://en.wikipedia.org/wiki/Office_for_National_Statistics;2.0;0.0
000000106;Office for National Statistics;https://www.ons.gov.uk;https://www.facebook.com/ONS;3.0;0.0
000000106;Office for National Statistics;https://www.ons.gov.uk;https://twitter.com/ons;4.0;0.0
000000106;Office for National Statistics;https://www.ons.gov.uk;https://ec.europa.eu/eurostat/web/links;5.0;0.0
000000106;Office for National Statistics;https://www.ons.gov.uk;https://www.bbc.com/news/topics/cx1m7zg0w2qt/office-for-national-statistics;6.0;0.0
000000106;Office for National Statistics;https://www.ons.gov.uk;https://www.theguardian.com/uk/office-for-national-statistics;7.0;0.0
000000106;Office for National Statistics;https://www.ons.gov.uk;https://www.isi-web.org/index.php/resources/national-statistical-offices;8.0;0.0
000000106;Office for National Statistics;https://www.ons.gov.uk;https://www.indeed.co.uk/cmp/Office-For-National-Statistics/reviews;9.0;0.0
000000109;UK Statistics Authority;;https://www.ons.gov.uk/;0.0;0.0
000000109;UK Statistics Authority;;https://www.statisticsauthority.gov.uk/;1.0;0.0
000000109;UK Statistics Authority;;https://www.gov.uk/government/organisations/uk-statistics-authority;2.0;0.0
000000109;UK Statistics Authority;;https://en.wikipedia.org/wiki/UK_Statistics_Authority;3.0;0.0
000000109;UK Statistics Authority;;https://twitter.com/ukstatsauth;4.0;0.0
000000109;UK Statistics Authority;;https://ru-ru.facebook.com/UKStatsAuth/;5.0;0.0
000000109;UK Statistics Authority;;https://www.twaku.com/UKStatsAuth;6.0;0.0
000000109;UK Statistics Authority;;https://enacademic.com/dic.nsf/enwiki/9190195;7.0;0.0
000000109;UK Statistics Authority;;https://wn.com/UK_Statistics_Authority;8.0;0.0
000000109;UK Statistics Authority;;https://thinklab.com/UKStatsAuth;9.0;0.0
000000112;Statistics and Research Aland;;https://www.asub.ax/en;0.0;0.0
000000112;Statistics and Research Aland;;https://www.researchgate.net/institution/Statistics_and_Research_Aland;1.0;0.0
000000112;Statistics and Research Aland;;http://CompanyOnTop.com/c/676523;2.0;0.0
000000112;Statistics and Research Aland;;https://en.wikipedia.org/wiki/Wikipedia:WikiProject_%C3%85land_Islands;3.0;0.0
000000112;Statistics and Research Aland;;https://www.nisra.gov.uk/;4.0;0.0
000000112;Statistics and Research Aland;;https://wiki2.org/es/%C3%85land;5.0;0.0
000000112;Statistics and Research Aland;;https://infogalactic.com/info/Education_in_%C3%85land;6.0;0.0
000000112;Statistics and Research Aland;;https://www.sites.google.com/site/statisticsresearchguide/;7.0;0.0
000000112;Statistics and Research Aland;;http://peace.ax/;8.0;0.0
000000112;Statistics and Research Aland;;https://explorable.com/statistics-tutorial;9.0;0.0
000000116;Statistics Poland;;https://stat.gov.pl/en/;0.0;0.0
000000116;Statistics Poland;;https://en.wikipedia.org/wiki/Statistics_Poland;1.0;0.0
000000116;Statistics Poland;;https://knoema.ru/atlas/%D0%9F%D0%BE%D0%BB%D1%8C%D1%88%D0%B0;2.0;0.0
000000116;Statistics Poland;;https://twitter.com/statpoland;3.0;0.0
000000116;Statistics Poland;;https://www.statista.com/topics/2494/poland/;4.0;0.0
000000116;Statistics Poland;;https://data.worldbank.org/country/poland;5.0;0.0
000000116;Statistics Poland;;https://www.worldometers.info/world-population/poland-population/;6.0;0.0
000000116;Statistics Poland;;https://worldpopulationreview.com/countries/poland-population;7.0;0.0
000000116;Statistics Poland;;https://wiki2.org/en/Statistics_Poland;8.0;0.0
000000116;Statistics Poland;;https://asylumineurope.org/reports/country/poland/statistics;9.0;0.0
000000119;STATISTICS PORTUGAL;;https://www.ine.pt/;0.0;0.0
000000119;STATISTICS PORTUGAL;;https://www.statista.com/topics/2481/portugal/;1.0;0.0
000000119;STATISTICS PORTUGAL;;https://en.wikipedia.org/wiki/NUTS_statistical_regions_of_Portugal;2.0;0.0
000000119;STATISTICS PORTUGAL;;https://www.worlddata.info/europe/portugal/index.php;3.0;0.0
000000119;STATISTICS PORTUGAL;;https://www.pordata.pt/en/Home;4.0;0.0
000000119;STATISTICS PORTUGAL;;https://data.oecd.org/portugal.htm;5.0;0.0
000000119;STATISTICS PORTUGAL;;https://www.fctables.com/portugal/;6.0;0.0
000000119;STATISTICS PORTUGAL;;https://countrymeters.info/en/Portugal;7.0;0.0
000000119;STATISTICS PORTUGAL;;https://www.bportugal.pt/en/page/estatisticas;8.0;0.0
000000119;STATISTICS PORTUGAL;;https://www.worldometers.info/demographics/portugal-demographics/;9.0;0.0
000000122;National Institute of Statistics;http://www.insse.ro;https://insse.ro/cms/en;0.0;0.0
000000122;National Institute of Statistics;http://www.insse.ro;https://www.statistics.gov.rw/;1.0;0.0
000000122;National Institute of Statistics;http://www.insse.ro;https://en.wikipedia.org/wiki/National_Institute_of_Statistics;2.0;0.0
000000122;National Institute of Statistics;http://www.insse.ro;https://ine.es/en/;3.0;0.0
000000122;National Institute of Statistics;http://www.insse.ro;https://nis.gov.kh/;4.0;0.0
000000122;National Institute of Statistics;http://www.insse.ro;https://en.www.inegi.org.mx/;5.0;0.0
000000122;National Institute of Statistics;http://www.insse.ro;https://www.niss.org/;6.0;0.0
000000122;National Institute of Statistics;http://www.insse.ro;https://www.facebook.com/NationalInstituteofStatistics/;7.0;0.0
000000122;National Institute of Statistics;http://www.insse.ro;https://www.ons.gov.uk/;8.0;0.0
000000122;National Institute of Statistics;http://www.insse.ro;https://wiki2.org/en/National_Institute_of_Statistics;9.0;0.0
000000125;National Institute of Statistics;http://www.insse.ro;https://insse.ro/cms/en;0.0;0.0
000000125;National Institute of Statistics;http://www.insse.ro;https://www.statistics.gov.rw/;1.0;0.0
000000125;National Institute of Statistics;http://www.insse.ro;https://en.wikipedia.org/wiki/National_Institute_of_Statistics;2.0;0.0
000000125;National Institute of Statistics;http://www.insse.ro;https://ine.es/en/;3.0;0.0
000000125;National Institute of Statistics;http://www.insse.ro;https://nis.gov.kh/;4.0;0.0
000000125;National Institute of Statistics;http://www.insse.ro;https://en.www.inegi.org.mx/;5.0;0.0
000000125;National Institute of Statistics;http://www.insse.ro;https://www.niss.org/;6.0;0.0
000000125;National Institute of Statistics;http://www.insse.ro;https://www.facebook.com/NationalInstituteofStatistics/;7.0;0.0
000000125;National Institute of Statistics;http://www.insse.ro;https://www.ons.gov.uk/;8.0;0.0
000000125;National Institute of Statistics;http://www.insse.ro;https://wiki2.org/en/National_Institute_of_Statistics;9.0;0.0
000000128;Federal State Statistics Service;https://www.gks.ru;https://eng.gks.ru/;0.0;0.0
000000128;Federal State Statistics Service;https://www.gks.ru;https://en.wikipedia.org/wiki/Russian_Federal_State_Statistics_Service;1.0;0.0
000000128;Federal State Statistics Service;https://www.gks.ru;http://government.ru/en/department/456/;2.0;0.0
000000128;Federal State Statistics Service;https://www.gks.ru;http://tadviser.com/index.php/Company:Federal_State_Statistics_Service_(Rosstat);3.0;0.0
000000128;Federal State Statistics Service;https://www.gks.ru;https://wiki2.org/en/Russian_Federal_State_Statistics_Service;4.0;0.0
000000128;Federal State Statistics Service;https://www.gks.ru;https://www.eurocement.ru/cntnt/eng10/our_compan2/partners/federal_st.html;5.0;0.0
000000128;Federal State Statistics Service;https://www.gks.ru;https://www.usa.gov/statistics;6.0;0.0
000000128;Federal State Statistics Service;https://www.gks.ru;https://commons.wikimedia.org/wiki/Category:Federal_State_Statistics_Service_of_Russia;7.0;0.0
000000128;Federal State Statistics Service;https://www.gks.ru;https://wikivisually.com/wiki/Russian_Federal_State_Statistics_Service;8.0;0.0
000000128;Federal State Statistics Service;https://www.gks.ru;https://nces.ed.gov/partners/fedstat.asp;9.0;0.0
000000131;Federal State Statistics Service;https://eng.gks.ru;https://eng.gks.ru/;0.0;1.0
000000131;Federal State Statistics Service;https://eng.gks.ru;https://en.wikipedia.org/wiki/Russian_Federal_State_Statistics_Service;1.0;0.0
000000131;Federal State Statistics Service;https://eng.gks.ru;http://government.ru/en/department/456/;2.0;0.0
000000131;Federal State Statistics Service;https://eng.gks.ru;http://tadviser.com/index.php/Company:Federal_State_Statistics_Service_(Rosstat);3.0;0.0
000000131;Federal State Statistics Service;https://eng.gks.ru;https://wiki2.org/en/Russian_Federal_State_Statistics_Service;4.0;0.0
000000131;Federal State Statistics Service;https://eng.gks.ru;https://www.eurocement.ru/cntnt/eng10/our_compan2/partners/federal_st.html;5.0;0.0
000000131;Federal State Statistics Service;https://eng.gks.ru;https://www.usa.gov/statistics;6.0;0.0
000000131;Federal State Statistics Service;https://eng.gks.ru;https://commons.wikimedia.org/wiki/Category:Federal_State_Statistics_Service_of_Russia;7.0;0.0
000000131;Federal State Statistics Service;https://eng.gks.ru;https://wikivisually.com/wiki/Russian_Federal_State_Statistics_Service;8.0;0.0
000000131;Federal State Statistics Service;https://eng.gks.ru;https://nces.ed.gov/partners/fedstat.asp;9.0;0.0
000000134;Office of Economic Planning, Data Processing and Statistics;http://www.statistica.sm;http://ghdx.healthdata.org/organizations/office-economic-planning-data-processing-and-statistics-san-marino;0.0;0.0
000000134;Office of Economic Planning, Data Processing and Statistics;http://www.statistica.sm;http://www.deps.gov.bn/;1.0;0.0
000000134;Office of Economic Planning, Data Processing and Statistics;http://www.statistica.sm;https://www.isi-web.org/index.php/resources/national-statistical-offices;2.0;0.0
000000134;Office of Economic Planning, Data Processing and Statistics;http://www.statistica.sm;https://en.wikipedia.org/wiki/List_of_national_and_international_statistical_services;3.0;0.0
000000134;Office of Economic Planning, Data Processing and Statistics;http://www.statistica.sm;https://globaledge.msu.edu/global-resources/resource/4840;4.0;0.0
000000134;Office of Economic Planning, Data Processing and Statistics;http://www.statistica.sm;https://www.springfield-ma.gov/planning/;5.0;0.0
000000134;Office of Economic Planning, Data Processing and Statistics;http://www.statistica.sm;https://unstats.un.org/home/nso_sites/;6.0;0.0
000000134;Office of Economic Planning, Data Processing and Statistics;http://www.statistica.sm;https://unctad.org/en/Pages/GDS/Sovereign-Debt-Portal/Sovereign-Debt-Links-1.aspx;7.0;0.0
000000134;Office of Economic Planning, Data Processing and Statistics;http://www.statistica.sm;https://www.itu.int/en/ITU-D/Statistics/Pages/links/nso.aspx;8.0;0.0
000000134;Office of Economic Planning, Data Processing and Statistics;http://www.statistica.sm;https://www.ons.gov.uk/economy;9.0;0.0
000000137;State Statistical office;http://www.stat.gov.mk;http://www.stat.gov.mk/Default_en.aspx;0.0;1.0
000000137;State Statistical office;http://www.stat.gov.mk;https://ec.europa.eu/eurostat/web/links;1.0;0.0
000000137;State Statistical office;http://www.stat.gov.mk;https://eng.gks.ru/;2.0;0.0
000000137;State Statistical office;http://www.stat.gov.mk;https://en.wikipedia.org/wiki/List_of_national_and_international_statistical_services;3.0;0.0
000000137;State Statistical office;http://www.stat.gov.mk;https://www.isi-web.org/index.php/resources/national-statistical-offices;4.0;0.0
000000137;State Statistical office;http://www.stat.gov.mk;https://www.ons.gov.uk/;5.0;0.0
000000137;State Statistical office;http://www.stat.gov.mk;https://unstats.un.org/home/nso_sites/;6.0;0.0
000000137;State Statistical office;http://www.stat.gov.mk;https://www.cso.ie/;7.0;0.0
000000137;State Statistical office;http://www.stat.gov.mk;https://www.bfs.admin.ch/bfs/en/home.html;8.0;0.0
000000137;State Statistical office;http://www.stat.gov.mk;http://mospi.gov.in/central-statistics-office-cso-1;9.0;0.0
000000141;Statistical Office;https://slovak.statistics.sk;https://www.ons.gov.uk/;0.0;0.0
000000141;Statistical Office;https://slovak.statistics.sk;https://en.wikipedia.org/wiki/List_of_national_and_international_statistical_services;1.0;0.0
000000141;Statistical Office;https://slovak.statistics.sk;https://ec.europa.eu/eurostat/web/links;2.0;0.0
000000141;Statistical Office;https://slovak.statistics.sk;https://www.isi-web.org/index.php/resources/national-statistical-offices;3.0;0.0
000000141;Statistical Office;https://slovak.statistics.sk;https://www.destatis.de/EN/Home/_node.html;4.0;0.0
000000141;Statistical Office;https://slovak.statistics.sk;https://slovak.statistics.sk/wps/portal/ext/home/!ut/p/z0/04_Sj9CPykssy0xPLMnMz0vMAfIjo8ziA809LZycDB0NLPyCXA08QxwD3IO8TAwNTEz1g1Pz9AuyHRUBtph-Sw!!/;5.0;1.0
000000141;Statistical Office;https://slovak.statistics.sk;https://www.gov.uk/government/organisations/office-for-national-statistics;6.0;0.0
000000141;Statistical Office;https://slovak.statistics.sk;https://www.cso.ie/;7.0;0.0
000000141;Statistical Office;https://slovak.statistics.sk;https://unstats.un.org/home/nso_sites/;8.0;0.0
000000141;Statistical Office;https://slovak.statistics.sk;https://eng.gks.ru/;9.0;0.0
000000144;Statistical Office;https://slovak.statistics.sk;https://www.ons.gov.uk/;0.0;0.0
000000144;Statistical Office;https://slovak.statistics.sk;https://en.wikipedia.org/wiki/List_of_national_and_international_statistical_services;1.0;0.0
000000144;Statistical Office;https://slovak.statistics.sk;https://ec.europa.eu/eurostat/web/links;2.0;0.0
000000144;Statistical Office;https://slovak.statistics.sk;https://www.isi-web.org/index.php/resources/national-statistical-offices;3.0;0.0
000000144;Statistical Office;https://slovak.statistics.sk;https://www.destatis.de/EN/Home/_node.html;4.0;0.0
000000144;Statistical Office;https://slovak.statistics.sk;https://slovak.statistics.sk/wps/portal/ext/home/!ut/p/z0/04_Sj9CPykssy0xPLMnMz0vMAfIjo8ziA809LZycDB0NLPyCXA08QxwD3IO8TAwNTEz1g1Pz9AuyHRUBtph-Sw!!/;5.0;1.0
000000144;Statistical Office;https://slovak.statistics.sk;https://www.gov.uk/government/organisations/office-for-national-statistics;6.0;0.0
000000144;Statistical Office;https://slovak.statistics.sk;https://www.cso.ie/;7.0;0.0
000000144;Statistical Office;https://slovak.statistics.sk;https://unstats.un.org/home/nso_sites/;8.0;0.0
000000144;Statistical Office;https://slovak.statistics.sk;https://eng.gks.ru/;9.0;0.0
000000147;Statistical Office;https://slovak.statistics.sk;https://www.ons.gov.uk/;0.0;0.0
000000147;Statistical Office;https://slovak.statistics.sk;https://en.wikipedia.org/wiki/List_of_national_and_international_statistical_services;1.0;0.0
000000147;Statistical Office;https://slovak.statistics.sk;https://ec.europa.eu/eurostat/web/links;2.0;0.0
000000147;Statistical Office;https://slovak.statistics.sk;https://www.isi-web.org/index.php/resources/national-statistical-offices;3.0;0.0
000000147;Statistical Office;https://slovak.statistics.sk;https://www.destatis.de/EN/Home/_node.html;4.0;0.0
000000147;Statistical Office;https://slovak.statistics.sk;https://slovak.statistics.sk/wps/portal/ext/home/!ut/p/z0/04_Sj9CPykssy0xPLMnMz0vMAfIjo8ziA809LZycDB0NLPyCXA08QxwD3IO8TAwNTEz1g1Pz9AuyHRUBtph-Sw!!/;5.0;1.0
000000147;Statistical Office;https://slovak.statistics.sk;https://www.gov.uk/government/organisations/office-for-national-statistics;6.0;0.0
000000147;Statistical Office;https://slovak.statistics.sk;https://www.cso.ie/;7.0;0.0
000000147;Statistical Office;https://slovak.statistics.sk;https://unstats.un.org/home/nso_sites/;8.0;0.0
000000147;Statistical Office;https://slovak.statistics.sk;https://eng.gks.ru/;9.0;0.0
000000150;Statistical Office;https://www.stat.si;https://www.ons.gov.uk/;0.0;0.0
000000150;Statistical Office;https://www.stat.si;https://en.wikipedia.org/wiki/List_of_national_and_international_statistical_services;1.0;0.0
000000150;Statistical Office;https://www.stat.si;https://ec.europa.eu/eurostat/web/links;2.0;0.0
000000150;Statistical Office;https://www.stat.si;https://www.isi-web.org/index.php/resources/national-statistical-offices;3.0;0.0
000000150;Statistical Office;https://www.stat.si;https://www.destatis.de/EN/Home/_node.html;4.0;0.0
000000150;Statistical Office;https://www.stat.si;https://slovak.statistics.sk/wps/portal/ext/home/!ut/p/z0/04_Sj9CPykssy0xPLMnMz0vMAfIjo8ziA809LZycDB0NLPyCXA08QxwD3IO8TAwNTEz1g1Pz9AuyHRUBtph-Sw!!/;5.0;0.0
000000150;Statistical Office;https://www.stat.si;https://www.gov.uk/government/organisations/office-for-national-statistics;6.0;0.0
000000150;Statistical Office;https://www.stat.si;https://www.cso.ie/;7.0;0.0
000000150;Statistical Office;https://www.stat.si;https://unstats.un.org/home/nso_sites/;8.0;0.0
000000150;Statistical Office;https://www.stat.si;https://eng.gks.ru/;9.0;0.0
000000153;Statistical Office;https://www.stat.si;https://www.ons.gov.uk/;0.0;0.0
000000153;Statistical Office;https://www.stat.si;https://en.wikipedia.org/wiki/List_of_national_and_international_statistical_services;1.0;0.0
000000153;Statistical Office;https://www.stat.si;https://ec.europa.eu/eurostat/web/links;2.0;0.0
000000153;Statistical Office;https://www.stat.si;https://www.isi-web.org/index.php/resources/national-statistical-offices;3.0;0.0
000000153;Statistical Office;https://www.stat.si;https://www.destatis.de/EN/Home/_node.html;4.0;0.0
000000153;Statistical Office;https://www.stat.si;https://slovak.statistics.sk/wps/portal/ext/home/!ut/p/z0/04_Sj9CPykssy0xPLMnMz0vMAfIjo8ziA809LZycDB0NLPyCXA08QxwD3IO8TAwNTEz1g1Pz9AuyHRUBtph-Sw!!/;5.0;0.0
000000153;Statistical Office;https://www.stat.si;https://www.gov.uk/government/organisations/office-for-national-statistics;6.0;0.0
000000153;Statistical Office;https://www.stat.si;https://www.cso.ie/;7.0;0.0
000000153;Statistical Office;https://www.stat.si;https://unstats.un.org/home/nso_sites/;8.0;0.0
000000153;Statistical Office;https://www.stat.si;https://eng.gks.ru/;9.0;0.0
000000156;Statistical Office of the Republic of Serbia;;https://www.stat.gov.rs/en-US/;0.0;0.0
000000156;Statistical Office of the Republic of Serbia;;https://en.wikipedia.org/wiki/Statistical_Office_of_the_Republic_of_Serbia;1.0;0.0
000000156;Statistical Office of the Republic of Serbia;;https://www.eea.europa.eu/data-and-maps/data-providers-and-partners/statistical-office-of-the-republic;2.0;0.0
000000156;Statistical Office of the Republic of Serbia;;https://cbonds.ru/company/198183/;3.0;0.0
000000156;Statistical Office of the Republic of Serbia;;https://istmat.info/node/63405;4.0;0.0
000000156;Statistical Office of the Republic of Serbia;;https://present5.com/statistical-office-of-the-republic-of-serbia-national/;5.0;0.0
000000156;Statistical Office of the Republic of Serbia;;https://mapcarta.com/W398432273;6.0;0.0
000000156;Statistical Office of the Republic of Serbia;;https://www.slideserve.com/olesia/statistical-office-of-the-republic-of-serbia;7.0;0.0
000000156;Statistical Office of the Republic of Serbia;;http://ghdx.healthdata.org/organizations/statistical-office-republic-serbia;8.0;0.0
000000156;Statistical Office of the Republic of Serbia;;https://slideplayer.com/slide/16170152/;9.0;0.0
000000159;Statistical Office;;https://www.ons.gov.uk/;0.0;0.0
000000159;Statistical Office;;https://en.wikipedia.org/wiki/List_of_national_and_international_statistical_services;1.0;0.0
000000159;Statistical Office;;https://ec.europa.eu/eurostat/web/links;2.0;0.0
000000159;Statistical Office;;https://www.isi-web.org/index.php/resources/national-statistical-offices;3.0;0.0
000000159;Statistical Office;;https://www.destatis.de/EN/Home/_node.html;4.0;0.0
000000159;Statistical Office;;https://slovak.statistics.sk/wps/portal/ext/home/!ut/p/z0/04_Sj9CPykssy0xPLMnMz0vMAfIjo8ziA809LZycDB0NLPyCXA08QxwD3IO8TAwNTEz1g1Pz9AuyHRUBtph-Sw!!/;5.0;0.0
000000159;Statistical Office;;https://www.gov.uk/government/organisations/office-for-national-statistics;6.0;0.0
000000159;Statistical Office;;https://www.cso.ie/;7.0;0.0
000000159;Statistical Office;;https://unstats.un.org/home/nso_sites/;8.0;0.0
000000159;Statistical Office;;https://eng.gks.ru/;9.0;0.0
000000162;Turkish Statistical Institute;;https://en.wikipedia.org/wiki/Turkish_Statistical_Institute;0.0;0.0
000000162;Turkish Statistical Institute;;http://www.turkstat.gov.tr/Start.do;1.0;0.0
000000162;Turkish Statistical Institute;;https://ru-ru.facebook.com/turkstat/;2.0;0.0
000000162;Turkish Statistical Institute;;https://twitter.com/turkstat;3.0;0.0
000000162;Turkish Statistical Institute;;https://sur.ly/i/turkstat.gov.tr/;4.0;0.0
000000162;Turkish Statistical Institute;;https://wiki2.org/en/Turkish_Statistical_Institute;5.0;0.0
000000162;Turkish Statistical Institute;;https://yandex.com/maps/org/turkish_statistical_institute/211993888678/;6.0;0.0
000000162;Turkish Statistical Institute;;https://www.library.illinois.edu/ias/iri/turkish/turk_stat_inst/;7.0;0.0
000000162;Turkish Statistical Institute;;http://ghdx.healthdata.org/organizations/turkish-statistical-institute;8.0;0.0
000000162;Turkish Statistical Institute;;http://tuik.academia.edu/;9.0;0.0
000000166;State Statistics Service of Ukraine;;https://ukrstat.org/en;0.0;0.0
000000166;State Statistics Service of Ukraine;;http://ukrstat.gov.ua/;1.0;0.0
000000166;State Statistics Service of Ukraine;;https://en.wikipedia.org/wiki/State_Statistics_Service_of_Ukraine;2.0;0.0
000000166;State Statistics Service of Ukraine;;https://wiki2.org/en/State_Statistics_Service_of_Ukraine;3.0;0.0
000000166;State Statistics Service of Ukraine;;https://knoema.ru/atlas/sources/State-Statistics-Service-of-Ukraine?topic=Ukraine;4.0;0.0
000000166;State Statistics Service of Ukraine;;https://www.wikiwand.com/en/State_Statistics_Service_of_Ukraine;5.0;0.0
000000166;State Statistics Service of Ukraine;;https://roi4cio.com/catalog/en/user/gosudarstvennaja-sluzhba-statistiki-ukrainy;6.0;0.0
000000166;State Statistics Service of Ukraine;;https://everipedia.org/wiki/lang_en/State_Statistics_Service_of_Ukraine;7.0;0.0
000000166;State Statistics Service of Ukraine;;https://pep.org.ua/en/company/288;8.0;0.0
000000166;State Statistics Service of Ukraine;;https://www.linkedin.com/company/state-statistics-service-of-ukraine;9.0;0.0
000000169;State Statistics Service;;https://eng.gks.ru/;0.0;0.0
000000169;State Statistics Service;;https://en.wikipedia.org/wiki/Russian_Federal_State_Statistics_Service;1.0;0.0
000000169;State Statistics Service;;https://www.usa.gov/statistics;2.0;0.0
000000169;State Statistics Service;;http://tadviser.com/index.php/Company:Federal_State_Statistics_Service_(Rosstat);3.0;0.0
000000169;State Statistics Service;;https://wiki2.org/en/Russian_Federal_State_Statistics_Service;4.0;0.0
000000169;State Statistics Service;;https://www.statista.com/topics/760/united-states/;5.0;0.0
000000169;State Statistics Service;;https://www.nass.usda.gov/Quick_Stats/index.php;6.0;0.0
000000169;State Statistics Service;;http://government.ru/en/department/456/;7.0;0.0
000000169;State Statistics Service;;https://www.irs.gov/statistics;8.0;0.0
000000169;State Statistics Service;;https://world-statistics.org/index-pop.php;9.0;0.0
000000172;Hungarian Central Statistical Office;http://www.ksh.hu;https://www.ksh.hu/?lang=en;0.0;1.0
000000172;Hungarian Central Statistical Office;http://www.ksh.hu;https://en.wikipedia.org/wiki/Hungarian_Central_Statistical_Office;1.0;0.0
000000172;Hungarian Central Statistical Office;http://www.ksh.hu;http://abouthungary.hu/central-statistical-office/;2.0;0.0
000000172;Hungarian Central Statistical Office;http://www.ksh.hu;https://ec.europa.eu/eurostat/documents/64157/4374310/29-SEASONAL-ADJUSTMENT-METHODS-PRACTICES-2007.pdf/6628a64e-2160-4e6f-a34a-499d0f5cdcfe;3.0;0.0
000000172;Hungarian Central Statistical Office;http://www.ksh.hu;https://www.apollo.io/companies/Hungarian-Central-Statistical-Office/54a244597468693cdd2c691b;4.0;0.0
000000172;Hungarian Central Statistical Office;http://www.ksh.hu;https://WikiMili.com/en/Hungarian_Central_Statistical_Office;5.0;0.0
000000172;Hungarian Central Statistical Office;http://www.ksh.hu;http://ghdx.healthdata.org/organizations/hungarian-central-statistical-office-hcso;6.0;0.0
000000172;Hungarian Central Statistical Office;http://www.ksh.hu;https://www.wikiwand.com/en/Hungarian_Central_Statistical_Office;7.0;0.0
000000172;Hungarian Central Statistical Office;http://www.ksh.hu;https://wn.com/Hungarian_Central_Statistical_Office;8.0;0.0
000000172;Hungarian Central Statistical Office;http://www.ksh.hu;https://docplayer.net/20896837-Hungarian-central-statistical-office-version-2-2.html;9.0;0.0
000000175;Statistics Faroe Islands;https://hagstova.fo;https://en.wikipedia.org/wiki/Statistics_Faroe_Islands;0.0;0.0
000000175;Statistics Faroe Islands;https://hagstova.fo;https://hagstova.fo/en;1.0;1.0
000000175;Statistics Faroe Islands;https://hagstova.fo;https://worldpopulationreview.com/countries/faroe-islands-population;2.0;0.0
000000175;Statistics Faroe Islands;https://hagstova.fo;https://www.worlddata.info/europe/faroe-islands/index.php;3.0;0.0
000000175;Statistics Faroe Islands;https://hagstova.fo;https://countrymeters.info/en/Faroe_Islands;4.0;0.0
000000175;Statistics Faroe Islands;https://hagstova.fo;https://www.cia.gov/library/publications/the-world-factbook/geos/fo.html;5.0;0.0
000000175;Statistics Faroe Islands;https://hagstova.fo;https://www.fctables.com/national/faroe-islands/;6.0;0.0
000000175;Statistics Faroe Islands;https://hagstova.fo;https://tradingeconomics.com/faroe-islands/population;7.0;0.0
000000175;Statistics Faroe Islands;https://hagstova.fo;https://data.worldbank.org/country/faroe-islands;8.0;0.0
000000175;Statistics Faroe Islands;https://hagstova.fo;https://www.indexmundi.com/faroe_islands/;9.0;0.0
000000178;Statistics Finland;http://www.stat.fi;https://stat.fi/index_en;0.0;0.0
000000178;Statistics Finland;http://www.stat.fi;https://stat.fi/til/index_en.html;1.0;0.0
000000178;Statistics Finland;http://www.stat.fi;https://en.wikipedia.org/wiki/Statistics_Finland;2.0;0.0
000000178;Statistics Finland;http://www.stat.fi;https://twitter.com/statsfinland;3.0;0.0
000000178;Statistics Finland;http://www.stat.fi;https://data.oecd.org/finland.htm;4.0;0.0
000000178;Statistics Finland;http://www.stat.fi;https://www.statista.com/topics/3892/finland/;5.0;0.0
000000178;Statistics Finland;http://www.stat.fi;https://worldpopulationreview.com/countries/finland-population;6.0;0.0
000000178;Statistics Finland;http://www.stat.fi;https://WikiMili.com/en/Statistics_Finland;7.0;0.0
000000178;Statistics Finland;http://www.stat.fi;https://take-profit.org/statistics/countries/finland/;8.0;0.0
000000178;Statistics Finland;http://www.stat.fi;https://wiki2.org/en/Statistics_Finland;9.0;0.0
000000182;National Institute of Statistics and Economic Studies;https://www.insee.fr;https://www.insee.fr/en/accueil;0.0;1.0
000000182;National Institute of Statistics and Economic Studies;https://www.insee.fr;https://en.wikipedia.org/wiki/Institut_national_de_la_statistique_et_des_%C3%A9tudes_%C3%A9conomiques;1.0;0.0
000000182;National Institute of Statistics and Economic Studies;https://www.insee.fr;https://www.gouvernement.fr/en/statistics;2.0;0.0
000000182;National Institute of Statistics and Economic Studies;https://www.insee.fr;https://knoema.com/atlas/sources/INSEE;3.0;0.0
000000182;National Institute of Statistics and Economic Studies;https://www.insee.fr;https://www.university-directory.eu/France/National-Institute-of-Statistics-and-Economic-Studies.html;4.0;0.0
000000182;National Institute of Statistics and Economic Studies;https://www.insee.fr;http://ghdx.healthdata.org/organizations/national-institute-statistics-and-economic-studies-insee-france;5.0;0.0
000000182;National Institute of Statistics and Economic Studies;https://www.insee.fr;https://insse.ro/cms/en;6.0;0.0
000000182;National Institute of Statistics and Economic Studies;https://www.insee.fr;https://ec.europa.eu/eurostat/web/links;7.0;0.0
000000182;National Institute of Statistics and Economic Studies;https://www.insee.fr;https://wiki2.org/en/National_Institute_of_Statistics_and_Applied_Economics;8.0;0.0
000000182;National Institute of Statistics and Economic Studies;https://www.insee.fr;https://dictionary.reverso.net/english-french/national+institute+of+statistics+and+economic+studies;9.0;0.0
000000185;Croatian Bureau of Statistics;https://www.dzs.hr;https://en.wikipedia.org/wiki/Croatian_Bureau_of_Statistics;0.0;0.0
000000185;Croatian Bureau of Statistics;https://www.dzs.hr;https://ec.europa.eu/eurostat/cros/content/croatian-bureau-statistics-croatia_en;1.0;0.0
000000185;Croatian Bureau of Statistics;https://www.dzs.hr;https://twitter.com/statcroatia;2.0;0.0
000000185;Croatian Bureau of Statistics;https://www.dzs.hr;https://www.wikiwand.com/en/Croatian_Bureau_of_Statistics;3.0;0.0
000000185;Croatian Bureau of Statistics;https://www.dzs.hr;https://yellow.place/it/croatian-bureau-of-statistics-zagreb-croatia;4.0;0.0
000000185;Croatian Bureau of Statistics;https://www.dzs.hr;https://www.triphobo.com/places/zagreb-croatia/croatian-bureau-of-statistics;5.0;0.0
000000185;Croatian Bureau of Statistics;https://www.dzs.hr;https://wn.com/Central_Bureau_Of_Statistics_(Croatia);6.0;0.0
000000185;Croatian Bureau of Statistics;https://www.dzs.hr;http://ghdx.healthdata.org/organizations/croatian-bureau-statistics;7.0;0.0
000000185;Croatian Bureau of Statistics;https://www.dzs.hr;https://hr.n1info.com/tag75968/Croatian-Bureau-of-Statistics/1;8.0;0.0
000000185;Croatian Bureau of Statistics;https://www.dzs.hr;https://tradingeconomics.com/croatia/wages;9.0;0.0
000000188;Croatian Bureau of Statistics;https://www.dzs.hr;https://en.wikipedia.org/wiki/Croatian_Bureau_of_Statistics;0.0;0.0
000000188;Croatian Bureau of Statistics;https://www.dzs.hr;https://ec.europa.eu/eurostat/cros/content/croatian-bureau-statistics-croatia_en;1.0;0.0
000000188;Croatian Bureau of Statistics;https://www.dzs.hr;https://twitter.com/statcroatia;2.0;0.0
000000188;Croatian Bureau of Statistics;https://www.dzs.hr;https://www.wikiwand.com/en/Croatian_Bureau_of_Statistics;3.0;0.0
000000188;Croatian Bureau of Statistics;https://www.dzs.hr;https://yellow.place/it/croatian-bureau-of-statistics-zagreb-croatia;4.0;0.0
000000188;Croatian Bureau of Statistics;https://www.dzs.hr;https://www.triphobo.com/places/zagreb-croatia/croatian-bureau-of-statistics;5.0;0.0
000000188;Croatian Bureau of Statistics;https://www.dzs.hr;https://wn.com/Central_Bureau_Of_Statistics_(Croatia);6.0;0.0
000000188;Croatian Bureau of Statistics;https://www.dzs.hr;http://ghdx.healthdata.org/organizations/croatian-bureau-statistics;7.0;0.0
000000188;Croatian Bureau of Statistics;https://www.dzs.hr;https://hr.n1info.com/tag75968/Croatian-Bureau-of-Statistics/1;8.0;0.0
000000188;Croatian Bureau of Statistics;https://www.dzs.hr;https://tradingeconomics.com/croatia/wages;9.0;0.0
000000192;Statistical Office;http://www.monstat.org;https://www.ons.gov.uk/;0.0;0.0
000000192;Statistical Office;http://www.monstat.org;https://en.wikipedia.org/wiki/List_of_national_and_international_statistical_services;1.0;0.0
000000192;Statistical Office;http://www.monstat.org;https://ec.europa.eu/eurostat/web/links;2.0;0.0
000000192;Statistical Office;http://www.monstat.org;https://www.isi-web.org/index.php/resources/national-statistical-offices;3.0;0.0
000000192;Statistical Office;http://www.monstat.org;https://www.destatis.de/EN/Home/_node.html;4.0;0.0
000000192;Statistical Office;http://www.monstat.org;https://slovak.statistics.sk/wps/portal/ext/home/!ut/p/z0/04_Sj9CPykssy0xPLMnMz0vMAfIjo8ziA809LZycDB0NLPyCXA08QxwD3IO8TAwNTEz1g1Pz9AuyHRUBtph-Sw!!/;5.0;0.0
000000192;Statistical Office;http://www.monstat.org;https://www.gov.uk/government/organisations/office-for-national-statistics;6.0;0.0
000000192;Statistical Office;http://www.monstat.org;https://www.cso.ie/;7.0;0.0
000000192;Statistical Office;http://www.monstat.org;https://unstats.un.org/home/nso_sites/;8.0;0.0
000000192;Statistical Office;http://www.monstat.org;https://eng.gks.ru/;9.0;0.0
000000195;Statistical Office;;https://www.ons.gov.uk/;0.0;0.0
000000195;Statistical Office;;https://en.wikipedia.org/wiki/List_of_national_and_international_statistical_services;1.0;0.0
000000195;Statistical Office;;https://ec.europa.eu/eurostat/web/links;2.0;0.0
000000195;Statistical Office;;https://www.isi-web.org/index.php/resources/national-statistical-offices;3.0;0.0
000000195;Statistical Office;;https://www.destatis.de/EN/Home/_node.html;4.0;0.0
000000195;Statistical Office;;https://slovak.statistics.sk/wps/portal/ext/home/!ut/p/z0/04_Sj9CPykssy0xPLMnMz0vMAfIjo8ziA809LZycDB0NLPyCXA08QxwD3IO8TAwNTEz1g1Pz9AuyHRUBtph-Sw!!/;5.0;0.0
000000195;Statistical Office;;https://www.gov.uk/government/organisations/office-for-national-statistics;6.0;0.0
000000195;Statistical Office;;https://www.cso.ie/;7.0;0.0
000000195;Statistical Office;;https://unstats.un.org/home/nso_sites/;8.0;0.0
000000195;Statistical Office;;https://eng.gks.ru/;9.0;0.0
000000198;Czech Statistical Office;;https://www.czso.cz/csu/czso/home;0.0;0.0
000000198;Czech Statistical Office;;https://en.wikipedia.org/wiki/Czech_Statistical_Office;1.0;0.0
000000198;Czech Statistical Office;;https://ec.europa.eu/eurostat/cros/content/czech-statistical-office-czech-republic_en;2.0;0.0
000000198;Czech Statistical Office;;https://volby.cz/index_en.htm;3.0;0.0
000000198;Czech Statistical Office;;https://marketplace.officialstatistics.org/partner/czech_statistical_office;4.0;0.0
000000198;Czech Statistical Office;;https://edirc.repec.org/data/stagvcz.html;5.0;0.0
000000198;Czech Statistical Office;;https://m.wikidata.org/wiki/Q3504917;6.0;0.0
000000198;Czech Statistical Office;;http://ghdx.healthdata.org/organizations/czech-statistical-office;7.0;0.0
000000198;Czech Statistical Office;;https://github.com/petrbouchal/czso;8.0;0.0
000000198;Czech Statistical Office;;https://slovak.statistics.sk/;9.0;0.0
000000201;Federal Statistical Office;https://www.bfs.admin.ch;https://www.destatis.de/EN/Home/_node.html;0.0;0.0
000000201;Federal Statistical Office;https://www.bfs.admin.ch;https://en.wikipedia.org/wiki/Federal_Statistical_Office_of_Germany;1.0;0.0
000000201;Federal Statistical Office;https://www.bfs.admin.ch;https://www.bfs.admin.ch/bfs/en/home.html;2.0;1.0
000000201;Federal Statistical Office;https://www.bfs.admin.ch;https://eng.gks.ru/;3.0;0.0
000000201;Federal Statistical Office;https://www.bfs.admin.ch;https://ec.europa.eu/eurostat/web/links;4.0;0.0
000000201;Federal Statistical Office;https://www.bfs.admin.ch;http://ecsocman.hse.ru/text/21079785/;5.0;0.0
000000201;Federal Statistical Office;https://www.bfs.admin.ch;https://knoema.com/atlas/sources/DESTATIS;6.0;0.0
000000201;Federal Statistical Office;https://www.bfs.admin.ch;https://wn.com/Federal_Statistical_Office_Of_Germany;7.0;0.0
000000201;Federal Statistical Office;https://www.bfs.admin.ch;http://ghdx.healthdata.org/organizations/federal-statistical-office-germany;8.0;0.0
000000201;Federal Statistical Office;https://www.bfs.admin.ch;https://ycharts.com/indicators/sources/federal_statistical_office_of_germany;9.0;0.0
000000205;Statistics Sweden;https://www.scb.se;https://www.scb.se/en/;0.0;1.0
000000205;Statistics Sweden;https://www.scb.se;https://en.wikipedia.org/wiki/Statistics_Sweden;1.0;0.0
000000205;Statistics Sweden;https://www.scb.se;https://www.statista.com/topics/2406/sweden/;2.0;0.0
000000205;Statistics Sweden;https://www.scb.se;https://twitter.com/statssweden;3.0;0.0
000000205;Statistics Sweden;https://www.scb.se;https://wiki2.org/en/Statistics_Sweden;4.0;0.0
000000205;Statistics Sweden;https://www.scb.se;https://www.worldometers.info/coronavirus/country/sweden/;5.0;0.0
000000205;Statistics Sweden;https://www.scb.se;https://epidemic-stats.com/coronavirus/sweden;6.0;0.0
000000205;Statistics Sweden;https://www.scb.se;https://ec.europa.eu/eurostat/web/ess/sweden/statistics;7.0;0.0
000000205;Statistics Sweden;https://www.scb.se;https://worldpopulationreview.com/countries/sweden-population;8.0;0.0
000000205;Statistics Sweden;https://www.scb.se;https://www.socialstyrelsen.se/en/statistics-and-data/statistics/;9.0;0.0
000000208;Statistics Sweden;;https://www.scb.se/en/;0.0;0.0
000000208;Statistics Sweden;;https://en.wikipedia.org/wiki/Statistics_Sweden;1.0;0.0
000000208;Statistics Sweden;;https://www.statista.com/topics/2406/sweden/;2.0;0.0
000000208;Statistics Sweden;;https://twitter.com/statssweden;3.0;0.0
000000208;Statistics Sweden;;https://wiki2.org/en/Statistics_Sweden;4.0;0.0
000000208;Statistics Sweden;;https://www.worldometers.info/coronavirus/country/sweden/;5.0;0.0
000000208;Statistics Sweden;;https://epidemic-stats.com/coronavirus/sweden;6.0;0.0
000000208;Statistics Sweden;;https://ec.europa.eu/eurostat/web/ess/sweden/statistics;7.0;0.0
000000208;Statistics Sweden;;https://worldpopulationreview.com/countries/sweden-population;8.0;0.0
000000208;Statistics Sweden;;https://www.socialstyrelsen.se/en/statistics-and-data/statistics/;9.0;0.0
000000211;Statistics Sweden;https://www.scb.se;https://www.scb.se/en/;0.0;1.0
000000211;Statistics Sweden;https://www.scb.se;https://en.wikipedia.org/wiki/Statistics_Sweden;1.0;0.0
000000211;Statistics Sweden;https://www.scb.se;https://www.statista.com/topics/2406/sweden/;2.0;0.0
000000211;Statistics Sweden;https://www.scb.se;https://twitter.com/statssweden;3.0;0.0
000000211;Statistics Sweden;https://www.scb.se;https://wiki2.org/en/Statistics_Sweden;4.0;0.0
000000211;Statistics Sweden;https://www.scb.se;https://www.worldometers.info/coronavirus/country/sweden/;5.0;0.0
000000211;Statistics Sweden;https://www.scb.se;https://epidemic-stats.com/coronavirus/sweden;6.0;0.0
000000211;Statistics Sweden;https://www.scb.se;https://ec.europa.eu/eurostat/web/ess/sweden/statistics;7.0;0.0
000000211;Statistics Sweden;https://www.scb.se;https://worldpopulationreview.com/countries/sweden-population;8.0;0.0
000000211;Statistics Sweden;https://www.scb.se;https://www.socialstyrelsen.se/en/statistics-and-data/statistics/;9.0;0.0
